{"cameraMode":{"drawMode":0,"name":"Shaded","section":"Shading Mode"},"sceneLighting":false,"audioPlay":false,"sceneViewState":{"m_AlwaysRefresh":false,"showFog":true,"showSkybox":true,"showFlares":true,"showImageEffects":true,"showParticleSystems":true,"showVisualEffectGraphs":true,"m_FxEnabled":true},"in2DMode":false,"pivot":{"x":0.05079469829797745,"y":-0.1141190379858017,"z":0.2032543271780014},"rotation":{"x":-0.05081835016608238,"y":0.9131147861480713,"z":-0.12013015896081925,"w":-0.38627317547798159},"size":0.30845946073532107,"orthographic":false}